insert,insert,insert,insert,insert,insert,insert,insert
rad2_true_ground_jr_from_plusx_to_plusy,rad2_true_ground_jr_from_plusx_to_minusy,rad2_true_ground_jr_from_plusy_to_plusx,rad2_true_ground_jr_from_plusy_to_minusx,rad2_true_ground_jr_from_minusx_to_plusy,rad2_true_ground_jr_from_minusy_to_plusx,rad2_true_ground_jr_from_minusx_to_minusy,rad2_true_ground_jr_from_minusy_to_minusx
walk_grounded_plusx,walk_grounded_minusx,walk_grounded_plusy,walk_grounded_minusy,walk_hanging_plusx,walk_hanging_minusx,walk_hanging_plusy,walk_hanging_minusy
wkbkwrd0,wkbkwrd90,wkbkwrd180,wkbkwrd270,-1,-1,-1,-1
radx_from_plusx_to_plusy,radx_from_plusx_to_minusy,radx_from_plusy_to_plusx,radx_from_plusy_to_minusx,radx_from_minusx_to_minusy,radx_from_minusy_to_minusx,rdx180to90,rdx90to0
swing_true_ground_plusx,swing_true_ground_minusx,swing_true_ground_plusy,swing_true_ground_minusy,swing270_from_plusx,-1,-1,-1
rad1_from_plusx,rad1_from_plusy,rd1180,rd1270,rad1u_from_plusx,rad1_from_plusz_to_plusx,rad1de_from_plusx,-1
rad15_to_plusx,rad15_to_minusx,rad15_to_plusy,rad15_to_minusy,rad15u_to_plusx,rad15o2_to_plusx,-1,-1
radwn_to_plusx,radwn_to_minusx,radwn_to_plusy,radwn_to_minusy,-1,-1,-1,-1
